<film copyable="0" duration="29.1" published="0" pshare="0" isWide="1"><meta><title><![CDATA[Ambulance]]></title><tag/><hiddenTag/><desc/><mver><![CDATA[4]]></mver><studio>d7446f28669693f5b7a35d41831e43c3662c48bf</studio><thumbnail index="0"/><palette><color value="333333"/><color value="999999"/><color value="fbfbfb"/><color value="669999"/><color value="55bbaa"/><color value="7fbb11"/><color value="15709b"/><color value="9a5d1"/><color value="6ab8d6"/><color value="da2021"/><color value="fecd31"/><color value="28c6c1"/><color value="37444f"/></palette></meta><scene id="SCENE0" adelay="60" lock="N" index="0" color="16777215" guid="93F9EA34-D58A-578C-7CDF-6C2938D668CB" combgId="custom.cbg_sittingroom"><durationSetting countMinimum="1" countTransition="1" countAction="1" countBubble="1" countSpeech="1"/><bg id="cbg_sittingroom_BG260" index="0"><file>custom.sitting_room_bg.swf</file></bg><char id="AVATOR261" index="6" raceCode="1"><action face="1" motionface="1">ugc.f0819cd.stand.xml</action><head id="PROP10" raceCode="1"><file>ugc.f0819cd.head.head_happy.xml</file></head><x>352.4643924</x><y>286.133432</y><xscale>0.6534501</xscale><yscale>0.6534501</yscale><rotation>0</rotation></char><prop id="PROP9" index="4" attached="Y"><file>custom.sitting_room_sofa.swf</file><x>561</x><y>279</y><xscale>1</xscale><yscale>1</yscale><face>1</face><rotation>0</rotation></prop><prop id="cbg_sittingroom_PROP75" index="3" attached="Y"><file>custom.sitting_room_plant.swf</file><x>107</x><y>245</y><xscale>1</xscale><yscale>1</yscale><face>1</face><rotation>0</rotation></prop><prop id="PROP8" index="2" attached="Y"><file>custom.sitting_room_sofa2.swf</file><x>290</x><y>256</y><xscale>1</xscale><yscale>1</yscale><face>1</face><rotation>0</rotation></prop><prop id="cbg_sittingroom_PROP74" index="1" attached="Y"><file>custom.sitting_room_lamp.swf</file><x>446</x><y>246</y><xscale>1</xscale><yscale>1</yscale><face>1</face><rotation>0</rotation></prop><effectAsset id="EFFECT0" themecode="common" index="7"><effect x="0" y="0" w="550" h="310" rotate="0" id="cut" type="ZOOM" isCut="true" isPan="false"/><x>47</x><y>24</y><width>550</width><height>354</height><speech>0</speech></effectAsset></scene><scene id="SCENE1" adelay="60" lock="N" index="1" color="16777215" guid="BC0D4E96-8F49-306C-5B39-478FEE1341AB"><durationSetting countMinimum="1" countTransition="1" countAction="1" countBubble="1" countSpeech="1"/><bg id="cbg_sittingroom_BG260" index="0"><file>custom.sitting_room_bg.swf</file></bg><char id="AVATOR261" index="6" raceCode="1"><action face="1" motionface="1">ugc.f0819cd.stand.xml</action><head id="PROP33" raceCode="1"><file>ugc.f0819cd.head.head_shocked.xml</file></head><x>352.4643924</x><y>286.133432</y><xscale>0.6534501</xscale><yscale>0.6534501</yscale><rotation>0</rotation></char><prop id="cbg_sittingroom_PROP74" index="1" attached="Y"><file>custom.sitting_room_lamp.swf</file><x>446</x><y>246</y><xscale>1</xscale><yscale>1</yscale><face>1</face><rotation>0</rotation></prop><prop id="PROP8" index="2" attached="Y"><file>custom.sitting_room_sofa2.swf</file><x>290</x><y>256</y><xscale>1</xscale><yscale>1</yscale><face>1</face><rotation>0</rotation></prop><prop id="cbg_sittingroom_PROP75" index="3" attached="Y"><file>custom.sitting_room_plant.swf</file><x>107</x><y>245</y><xscale>1</xscale><yscale>1</yscale><face>1</face><rotation>0</rotation></prop><prop id="PROP9" index="4" attached="Y"><file>custom.sitting_room_sofa.swf</file><x>561</x><y>279</y><xscale>1</xscale><yscale>1</yscale><face>1</face><rotation>0</rotation></prop><effectAsset id="EFFECT0" themecode="common" index="7"><effect x="0" y="0" w="550" h="310" rotate="0" id="cut" type="ZOOM" isCut="true" isPan="false"/><x>47</x><y>24</y><width>550</width><height>354</height><speech>0</speech></effectAsset></scene><scene id="SCENE2" adelay="75" lock="N" index="2" color="16777215" guid="30566877-F800-4D79-D5A0-90AC174E4F74"><durationSetting countMinimum="1" countTransition="1" countAction="1" countBubble="1" countSpeech="1"/><bg id="cbg_sittingroom_BG260" index="0"><file>custom.sitting_room_bg.swf</file></bg><char id="AVATOR261" index="6" raceCode="1"><action face="1" motionface="1">ugc.f0819cd.stand.xml</action><head id="PROP35" raceCode="1"><file>ugc.f0819cd.head.head_shocked.xml</file></head><x>352.4643924</x><y>286.133432</y><xscale>0.6534501</xscale><yscale>0.6534501</yscale><rotation>0</rotation></char><prop id="cbg_sittingroom_PROP74" index="1" attached="Y"><file>custom.sitting_room_lamp.swf</file><x>446</x><y>246</y><xscale>1</xscale><yscale>1</yscale><face>1</face><rotation>0</rotation></prop><prop id="PROP8" index="2" attached="Y"><file>custom.sitting_room_sofa2.swf</file><x>290</x><y>256</y><xscale>1</xscale><yscale>1</yscale><face>1</face><rotation>0</rotation></prop><prop id="cbg_sittingroom_PROP75" index="3" attached="Y"><file>custom.sitting_room_plant.swf</file><x>107</x><y>245</y><xscale>1</xscale><yscale>1</yscale><face>1</face><rotation>0</rotation></prop><prop id="PROP9" index="4" attached="Y"><file>custom.sitting_room_sofa.swf</file><x>561</x><y>279</y><xscale>1</xscale><yscale>1</yscale><face>1</face><rotation>0</rotation></prop><effectAsset id="EFFECT0" themecode="common" index="7"><effect x="0" y="0" w="149.5645161" h="84.3" rotate="0" id="cut" type="ZOOM" isCut="true" isPan="false"/><x>272.3177419</x><y>200.2674194</y><width>149.5645161</width><height>96.2651613</height><speech>0</speech></effectAsset></scene><scene id="SCENE3" adelay="84" lock="Y" index="3" color="16777215" guid="0A73A7E7-691E-6A46-14A3-745CC4863DAD"><bg id="cbg_sittingroom_BG260" index="0"><file>custom.sitting_room_bg.swf</file></bg><char id="AVATOR261" index="6" raceCode="1"><action face="1" motionface="1">ugc.f0819cd.talk_phone.xml</action><head id="PROP41" raceCode="1"><file>ugc.f0819cd.head.head_shocked.xml</file></head><x>352.4643924</x><y>286.133432</y><xscale>0.6534501</xscale><yscale>0.6534501</yscale><rotation>0</rotation></char><prop id="cbg_sittingroom_PROP74" index="1" attached="Y"><file>custom.sitting_room_lamp.swf</file><x>446</x><y>246</y><xscale>1</xscale><yscale>1</yscale><face>1</face><rotation>0</rotation></prop><prop id="PROP8" index="2" attached="Y"><file>custom.sitting_room_sofa2.swf</file><x>290</x><y>256</y><xscale>1</xscale><yscale>1</yscale><face>1</face><rotation>0</rotation></prop><prop id="cbg_sittingroom_PROP75" index="3" attached="Y"><file>custom.sitting_room_plant.swf</file><x>107</x><y>245</y><xscale>1</xscale><yscale>1</yscale><face>1</face><rotation>0</rotation></prop><prop id="PROP9" index="4" attached="Y"><file>custom.sitting_room_sofa.swf</file><x>561</x><y>279</y><xscale>1</xscale><yscale>1</yscale><face>1</face><rotation>0</rotation></prop><effectAsset id="EFFECT0" themecode="common" index="7"><effect x="0" y="0" w="149.5645161" h="84.3" rotate="0" id="cut" type="ZOOM" isCut="true" isPan="false"/><x>272.3177419</x><y>200.2674194</y><width>149.5645161</width><height>96.2651613</height><speech>0</speech></effectAsset></scene><scene id="SCENE4" adelay="126" lock="N" index="4" color="16777215" guid="5390C8FC-3539-04CF-9607-1A4144B21AEF"><durationSetting countMinimum="1" countTransition="1" countAction="1" countBubble="1" countSpeech="1"/><bg id="cbg_sittingroom_BG260" index="0"><file>custom.sitting_room_bg.swf</file></bg><char id="AVATOR261" index="6" raceCode="1"><action face="1" motionface="1">ugc.f0819cd.talk_phone.xml</action><head id="PROP47" raceCode="1"><file>ugc.f0819cd.head.head_shocked.xml</file></head><x>352.4643924</x><y>286.133432</y><xscale>0.6534501</xscale><yscale>0.6534501</yscale><rotation>0</rotation></char><prop id="cbg_sittingroom_PROP74" index="1" attached="Y"><file>custom.sitting_room_lamp.swf</file><x>446</x><y>246</y><xscale>1</xscale><yscale>1</yscale><face>1</face><rotation>0</rotation></prop><prop id="PROP8" index="2" attached="Y"><file>custom.sitting_room_sofa2.swf</file><x>290</x><y>256</y><xscale>1</xscale><yscale>1</yscale><face>1</face><rotation>0</rotation></prop><prop id="cbg_sittingroom_PROP75" index="3" attached="Y"><file>custom.sitting_room_plant.swf</file><x>107</x><y>245</y><xscale>1</xscale><yscale>1</yscale><face>1</face><rotation>0</rotation></prop><prop id="PROP9" index="4" attached="Y"><file>custom.sitting_room_sofa.swf</file><x>561</x><y>279</y><xscale>1</xscale><yscale>1</yscale><face>1</face><rotation>0</rotation></prop><effectAsset id="EFFECT0" themecode="common" index="7"><effect x="0" y="0" w="149.5645161" h="84.3" rotate="0" id="cut" type="ZOOM" isCut="true" isPan="false"/><x>272.3177419</x><y>200.2674194</y><width>149.5645161</width><height>96.2651613</height><speech>0</speech></effectAsset></scene><scene id="SCENE5" adelay="126" lock="N" index="5" color="16777215" guid="713DEB03-2C7F-EB31-75C6-D36401A93398"><durationSetting countMinimum="1" countTransition="1" countAction="1" countBubble="1" countSpeech="1"/><bg id="cbg_sittingroom_BG260" index="0"><file>custom.sitting_room_bg.swf</file></bg><char id="AVATOR261" index="6" raceCode="1"><action face="1" motionface="1">ugc.f0819cd.talk_phone.xml</action><head id="PROP53" raceCode="1"><file>ugc.f0819cd.head.head_shocked.xml</file></head><x>352.4643924</x><y>286.133432</y><xscale>0.6534501</xscale><yscale>0.6534501</yscale><rotation>0</rotation></char><prop id="cbg_sittingroom_PROP74" index="1" attached="Y"><file>custom.sitting_room_lamp.swf</file><x>446</x><y>246</y><xscale>1</xscale><yscale>1</yscale><face>1</face><rotation>0</rotation></prop><prop id="PROP8" index="2" attached="Y"><file>custom.sitting_room_sofa2.swf</file><x>290</x><y>256</y><xscale>1</xscale><yscale>1</yscale><face>1</face><rotation>0</rotation></prop><prop id="cbg_sittingroom_PROP75" index="3" attached="Y"><file>custom.sitting_room_plant.swf</file><x>107</x><y>245</y><xscale>1</xscale><yscale>1</yscale><face>1</face><rotation>0</rotation></prop><prop id="PROP9" index="4" attached="Y"><file>custom.sitting_room_sofa.swf</file><x>561</x><y>279</y><xscale>1</xscale><yscale>1</yscale><face>1</face><rotation>0</rotation></prop><effectAsset id="EFFECT0" themecode="common" index="7"><effect x="0" y="0" w="149.5645161" h="84.3" rotate="0" id="cut" type="ZOOM" isCut="true" isPan="false"/><x>272.3177419</x><y>200.2674194</y><width>149.5645161</width><height>96.2651613</height><speech>0</speech></effectAsset></scene><scene id="SCENE6" adelay="48" lock="Y" index="6" color="16777215" guid="01D94913-109B-53C0-4D5D-CFC977B9561F"><bg id="cbg_sittingroom_BG260" index="0"><file>custom.sitting_room_bg.swf</file></bg><char id="AVATOR261" index="6" raceCode="1"><action face="1" motionface="1">ugc.f0819cd.talk_phone.xml</action><head id="PROP61" raceCode="1"><file>ugc.f0819cd.head.head_happy.xml</file></head><x>352.4643924</x><y>286.133432</y><xscale>0.6534501</xscale><yscale>0.6534501</yscale><rotation>0</rotation></char><prop id="cbg_sittingroom_PROP74" index="1" attached="Y"><file>custom.sitting_room_lamp.swf</file><x>446</x><y>246</y><xscale>1</xscale><yscale>1</yscale><face>1</face><rotation>0</rotation></prop><prop id="PROP8" index="2" attached="Y"><file>custom.sitting_room_sofa2.swf</file><x>290</x><y>256</y><xscale>1</xscale><yscale>1</yscale><face>1</face><rotation>0</rotation></prop><prop id="cbg_sittingroom_PROP75" index="3" attached="Y"><file>custom.sitting_room_plant.swf</file><x>107</x><y>245</y><xscale>1</xscale><yscale>1</yscale><face>1</face><rotation>0</rotation></prop><prop id="PROP9" index="4" attached="Y"><file>custom.sitting_room_sofa.swf</file><x>561</x><y>279</y><xscale>1</xscale><yscale>1</yscale><face>1</face><rotation>0</rotation></prop><effectAsset id="EFFECT0" themecode="common" index="7"><effect x="0" y="0" w="149.5645161" h="84.3" rotate="0" id="cut" type="ZOOM" isCut="true" isPan="false"/><x>272.3177419</x><y>200.2674194</y><width>149.5645161</width><height>96.2651613</height><speech>0</speech></effectAsset></scene><scene id="SCENE7" adelay="60" lock="N" index="7" color="16777215" guid="A0D7DDEB-038C-5BB0-E32F-60DCC62D9520"><durationSetting countMinimum="1" countTransition="1" countAction="1" countBubble="1" countSpeech="1"/><bubbleAsset id="BUBBLE344" index="1"><x>322</x><y>201</y><xscale>1</xscale><yscale>1</yscale><rotation>0</rotation><fx>easeNone</fx><fxdur>0</fxdur><bubble x="-172.9850746" y="-45" w="345.9701493" h="90" rotate="0" type="BLANK" hasTail="0" colorStyle="1" autoTextResize="true"><body rgb="16777215" shadow="1" bgAlpha="0" linergb="0" tailx="90" taily="65" paddingHorizontal="0" paddingVertical="0"/><text rgb="0" alpha="100" font="Lilita One" size="48" align="center" bold="false" italic="false" embed="true"><![CDATA[At the Hospital...]]></text><url target="top"/></bubble></bubbleAsset><effectAsset id="EFFECT9" themecode="common" index="2"><effect x="0" y="0" w="550" h="310" rotate="0" id="cut" type="ZOOM" isCut="true" isPan="false"/><x>47</x><y>24</y><width>550</width><height>354</height><speech>0</speech></effectAsset></scene><scene id="SCENE8" adelay="60" lock="N" index="8" color="16777215" guid="A9657153-5B66-125A-4C80-3D237D523EE1" combgId="custom.cbg_hospital_lab"><durationSetting countMinimum="1" countTransition="1" countAction="1" countBubble="1" countSpeech="1"/><bg id="cbg_hospital_lab_BG2" index="0"><file>custom.hospital_lab_bg.swf</file></bg><prop id="cbg_hospital_lab_PROP1" index="2" attached="Y"><file>custom.hospital_rm_hanger.swf</file><x>104</x><y>244</y><xscale>1</xscale><yscale>1</yscale><face>1</face><rotation>0</rotation></prop><prop id="PROP17" index="1" attached="Y"><file>custom.hospital_lab_bed2.swf</file><x>261</x><y>297</y><xscale>1</xscale><yscale>1</yscale><face>1</face><rotation>0</rotation></prop><effectAsset id="EFFECT11" themecode="common" index="3"><effect x="0" y="0" w="550" h="310" rotate="0" id="cut" type="ZOOM" isCut="true" isPan="false"/><x>47</x><y>24</y><width>550</width><height>354</height><speech>0</speech></effectAsset></scene><sound id="SOUND1" index="0" track="0" vol="1" tts="1"><sfile>ugc.61c6cc3.mp3</sfile><start>1</start><stop>54</stop><fadein duration="0" vol="0"/><fadeout duration="0" vol="0"/><ttsdata><type><![CDATA[tts]]></type><text><![CDATA[Daddy, do you wanna play pirates with me?]]></text><voice><![CDATA[justin]]></voice></ttsdata></sound><sound id="SOUND5" index="1" track="0" vol="1" tts="1"><sfile>ugc.6795ba2.mp3</sfile><start>61</start><stop>111</stop><fadein duration="0" vol="0"/><fadeout duration="0" vol="0"/><ttsdata><type><![CDATA[tts]]></type><text><![CDATA[I'm sorry, I have a fever.]]></text><voice><![CDATA[dave]]></voice></ttsdata></sound><sound id="SOUND7" index="2" track="0" vol="1" tts="1"><sfile>ugc.3082b88.mp3</sfile><start>121</start><stop>195</stop><fadein duration="0" vol="0"/><fadeout duration="0" vol="0"/><ttsdata><type><![CDATA[tts]]></type><text><![CDATA[I have to help Dad! I’m calling 911!]]></text><voice><![CDATA[justin]]></voice></ttsdata></sound><sound id="SOUND9" index="3" track="0" vol="1" tts="1"><sfile>ugc.65f4887.mp3</sfile><start>196</start><stop>255</stop><fadein duration="0" vol="0"/><fadeout duration="0" vol="0"/><ttsdata><type><![CDATA[tts]]></type><text><![CDATA[9 1 1, what’s your emergency?]]></text><voice><![CDATA[kate]]></voice></ttsdata></sound><sound id="SOUND14" index="4" track="0" vol="1" tts="1"><sfile>ugc.43ebf4a.mp3</sfile><start>280</start><stop>405</stop><fadein duration="0" vol="0"/><fadeout duration="0" vol="0"/><ttsdata><type><![CDATA[tts]]></type><text><![CDATA[Hi! My dad is really sick! He says he has a fever and he looks really tired!]]></text><voice><![CDATA[justin]]></voice></ttsdata></sound><sound id="SOUND16" index="5" track="0" vol="1" tts="1"><sfile>ugc.8381ed4.mp3</sfile><start>406</start><stop>531</stop><fadein duration="0" vol="0"/><fadeout duration="0" vol="0"/><ttsdata><type><![CDATA[tts]]></type><text><![CDATA[Help is on the way. Stay close to your dad and keep him comfortable, okay?]]></text><voice><![CDATA[kate]]></voice></ttsdata></sound><sound id="SOUND18" index="6" track="0" vol="1" tts="1"><sfile>ugc.982504b.mp3</sfile><start>532</start><stop>570</stop><fadein duration="0" vol="0"/><fadeout duration="0" vol="0"/><ttsdata><type><![CDATA[tts]]></type><text><![CDATA[Okay! Thank you!]]></text><voice><![CDATA[justin]]></voice></ttsdata></sound><linkage>SOUND1,~~~AVATOR261,SCENE0~~~</linkage><linkage>SOUND5,~~~AVATOR267,SCENE1~~~</linkage><linkage>SOUND7,~~~AVATOR261,SCENE2~~~</linkage><linkage>SOUND9,SCENE3~~~</linkage><linkage>SOUND14,~~~AVATOR261,SCENE4~~~</linkage><linkage>SOUND16,SCENE5~~~</linkage><linkage>SOUND18,~~~AVATOR261,SCENE6~~~</linkage></film>