<?xml version="1.0" encoding="utf-8"?><cc_char xscale='0.7' yscale='0.7' hxscale='1.3' hyscale='1.3' headdx='0' headdy='0'><color r="ccSkinColor" oc="0xFFE1C4">0xFECFA3</color><color r="ccEyeIris">0x000000</color><color r="ccMouthLip">0xFFAAAA</color><color r="ccEyebrow">0x000000</color><color r="ccUpperMain" oc="0x336699">0x49260C</color><color r="ccUpperMinor" oc="0xE5E5E5">0xFFFFFF</color><color r="ccLowerMain" oc="0xCCBC9A">0x333333</color><color r="ccLowerMinor" oc="0xEEEEEE">0x49260C</color><color r="ccEyeLib">0xFECFA3</color><color r="ccHairMajor">0xE9C127</color><component type="bodyshape" component_id="adam" theme_id="family" x="0" y="0" xscale="1" yscale="1" offset="0" rotation="0"/><component type="skeleton" component_id="adam_001" theme_id="family" x="0" y="0" xscale="1" yscale="1" offset="0" rotation="0"/><component type="ear" component_id="010" theme_id="family" x="0" y="1" xscale="1" yscale="1" offset="0" rotation="0"/><component type="nose" component_id="014" theme_id="family" x="0" y="2" xscale="1" yscale="1" offset="0" rotation="0"/><component type="faceshape" component_id="002" theme_id="family" x="0" y="0" xscale="1" yscale="0.96" offset="0" rotation="0"/><component type="mouth" component_id="201" theme_id="family" x="0" y="0" xscale="1" yscale="1" offset="0" rotation="0"/><component type="eye" component_id="001" theme_id="family" x="0" y="4" xscale="1" yscale="1" offset="2" rotation="0"/><component type="eyebrow" component_id="109" theme_id="family" x="0" y="2" xscale="1" yscale="1" offset="0" rotation="0"/><component type="hair" component_id="004b" theme_id="family" x="0" y="2" xscale="1" yscale="1" offset="0" rotation="0"/><component id="ID5856" type="facedecoration" component_id="015" theme_id="family" x="0" y="2" xscale="1" yscale="1" offset="0" rotation="0"/><component id="ID4698" type="facedecoration" component_id="059" theme_id="family" x="2" y="2" xscale="1" yscale="1" offset="0" rotation="0"/><component id="ID956" type="facedecoration" component_id="075a" theme_id="family" x="1" y="4" xscale="1" yscale="1" offset="0" rotation="0"/><component type="upper_body" component_id="adam_a009" theme_id="family" x="0" y="0" xscale="1" yscale="1" offset="0" rotation="0"/><component type="lower_body" component_id="adam_a009" theme_id="family" x="0" y="0" xscale="1" yscale="1" offset="0" rotation="0"/></cc_char>