<?xml version="1.0" encoding="utf-8"?><theme id="ugc" name="ugc"><char id="f0819cd" enc_asset_id="f0819cd" name="Untitled" cc_theme_id="family" thumbnail_url="char_default.png" copyable="Y"><tags/></char><char id="f0819cd" enc_asset_id="f0819cd" name="Untitled" cc_theme_id="family" thumbnail_url="char_default.png" copyable="Y"><tags/></char><char id="f0819cd" enc_asset_id="f0819cd" name="Untitled" cc_theme_id="family" thumbnail_url="char_default.png" copyable="Y"><tags/></char><char id="f0819cd" enc_asset_id="f0819cd" name="Untitled" cc_theme_id="family" thumbnail_url="char_default.png" copyable="Y"><tags/></char><char id="f0819cd" enc_asset_id="f0819cd" name="Untitled" cc_theme_id="family" thumbnail_url="char_default.png" copyable="Y"><tags/></char><char id="f0819cd" enc_asset_id="f0819cd" name="Untitled" cc_theme_id="family" thumbnail_url="char_default.png" copyable="Y"><tags/></char><char id="f0819cd" enc_asset_id="f0819cd" name="Untitled" cc_theme_id="family" thumbnail_url="char_default.png" copyable="Y"><tags/></char><sound subtype="tts" id="61c6cc3.mp3" enc_asset_id="61c6cc3.mp3" name="[Justin] Daddy, do you wanna play pirates with me?" enable="Y" duration="2304" downloadtype="progressive"/><sound subtype="tts" id="6795ba2.mp3" enc_asset_id="6795ba2.mp3" name="[Dave] I'm sorry, I have a fever." enable="Y" duration="2142" downloadtype="progressive"/><sound subtype="tts" id="3082b88.mp3" enc_asset_id="3082b88.mp3" name="[Justin] I have to help Dad! I’m calling 911!" enable="Y" duration="3072" downloadtype="progressive"/><sound subtype="tts" id="65f4887.mp3" enc_asset_id="65f4887.mp3" name="[Kate] 9 1 1, what’s your emergency?" enable="Y" duration="2534" downloadtype="progressive"/><sound subtype="tts" id="43ebf4a.mp3" enc_asset_id="43ebf4a.mp3" name="[Justin] Hi! My dad is really sick! He says he has a fever and he looks really tired!" enable="Y" duration="5304" downloadtype="progressive"/><sound subtype="tts" id="8381ed4.mp3" enc_asset_id="8381ed4.mp3" name="[Kate] Help is on the way. Stay close to your dad and keep him comfortable, okay?" enable="Y" duration="5303" downloadtype="progressive"/><sound subtype="tts" id="982504b.mp3" enc_asset_id="982504b.mp3" name="[Justin] Okay! Thank you!" enable="Y" duration="1632" downloadtype="progressive"/></theme>